{
  "contact": {
    "name": "author-name",
    "email": ""
  },
  "default": {
    "display": {
      "title": "interactive-text",
      "favicon": "favicon_asset"
    },
    "owner": "",
    "contact": {
      "name": "author-name",
      "email": ""
    },
    "main": "bin/game.js",
    "tags": [],
    "scene": {
      "parcels": [
        "0,0"
      ],
      "base": "0,0"
    },
    "communications": {
      "type": "webrtc",
      "signalling": "https://signalling-01.decentraland.org"
    },
    "policy": {
      "contentRating": "E",
      "fly": true,
      "voiceEnabled": true,
      "blacklist": [],
      "teleportPosition": ""
    }
  },
  "display": {
    "title": "test",
    "favicon": "favicon_asset",
    "description": "",
    "navmapThumbnail": "scene-thumbnail.png"
  },
  "main": "bin/game.js",
  "owner": "",
  "scene": {
    "parcels": [
      "0,0",
      "0,1",
      "0,2",
      "0,3",
      "0,4",
      "1,0",
      "1,1",
      "1,2",
      "1,3",
      "1,4",
      "2,0",
      "2,1",
      "2,2",
      "2,3",
      "2,4",
      "3,0",
      "3,1",
      "3,2",
      "3,3",
      "3,4",
      "4,0",
      "4,1",
      "4,2",
      "4,3",
      "4,4"
    ],
    "base": "0,0"
  },
  "tags": [],
  "source": {
    "version": 1,
    "origin": "builder",
    "projectId": "0bce3031-a034-4d53-ab13-b881d738720a",
    "point": {
      "x": 0,
      "y": 0
    },
    "rotation": "east",
    "layout": {
      "rows": 5,
      "cols": 5
    }
  }
}